Nivel de incidencia de pobreza crónica,% de hogares con hacinamiento crítico,% de hogares con jefe/a con primario completo o menos,% de hogares con jefe/a con secundario incompleto o menos,% de hogares en vivienda deficitaria,% de hogares sin acceso a red cloacal,% de niños/as entre 6 y 17 años que no asisten a la escuela,% de población en situación de pobreza crónica,% de población sin obra social ni prepaga,% de población urbana,Población,link
Bajo (1 - 4.99%),3.49,18.93,31.02,12.74,4.50,4.31,3.55,27.79,100.56,188.280,02001
Muy bajo (0 - 0.99%),0.45,6.84,11.65,1.44,0.61,1.50,0.19,7.57,101.46,150.069,02002
Bajo (1 - 4.99%),2.13,18.22,30.21,5.55,1.62,2.92,1.47,20.95,100.19,181.518,02003
Bajo (1 - 4.99%),3.58,31.70,48.40,10.69,5.11,4.18,3.54,32.94,100.08,215.452,02004
Muy bajo (0 - 0.99%),1.07,15.35,25.83,3.26,1.10,2.19,0.73,14.06,100.19,175.012,02005
Muy bajo (0 - 0.99%),0.51,11.32,19.34,1.31,0.53,1.66,0.25,8.82,100.27,172.351,02006
Bajo (1 - 4.99%),2.49,21.18,34.83,6.99,2.16,3.36,2.05,26.05,100.19,216.538,02007
Bajo (1 - 4.99%),5.07,42.12,62.22,15.68,6.33,5.45,4.65,45.68,100.04,186.801,02008
Bajo (1 - 4.99%),1.43,28.47,44.54,3.45,1.92,3.59,1.22,25.45,100.09,159.751,02009
Muy bajo (0 - 0.99%),0.88,20.55,33.53,1.92,1.02,2.69,0.56,19.76,100.14,163.463,02010
Muy bajo (0 - 0.99%),0.54,17.17,28.95,1.37,0.88,2.01,0.32,14.51,100.24,185.382,02011
Muy bajo (0 - 0.99%),0.40,15.87,26.42,1.29,0.79,1.92,0.24,11.63,100.21,197.742,02012
Muy bajo (0 - 0.99%),0.39,8.78,15.03,1.39,0.47,1.46,0.12,6.93,100.76,226.136,02013
Muy bajo (0 - 0.99%),0.48,8.18,13.84,1.59,0.53,1.69,0.21,7.93,101.07,218.903,02014
Muy bajo (0 - 0.99%),1.08,17.72,29.30,2.91,1.50,2.73,0.86,16.07,100.23,179.358,02015
,,,,,,,,,,,02016
,,,,,,,,,,,02017
,,,,,,,,,,,02018
,,,,,,,,,,,02019
,,,,,,,,,,,02020
,,,,,,,,,,,02021
Bajo (1 - 4.99%),1.23,62.15,74.36,6.67,61.78,5.05,4.08,30.65,75.24,16.875,06007
,,,,,,,,,,,
Bajo (1 - 4.99%),1.38,62.18,73.45,6.62,59.40,4.93,3.78,30.39,75.21,11.918,06014
Bajo (1 - 4.99%),0.97,58.25,68.57,6.77,25.52,3.72,2.74,24.61,77.40,10.575,06021
Moderado (5 - 9.99%),4.37,50.49,67.89,23.26,84.01,4.33,9.25,39.57,99.88,550.246,06028
Bajo (1 - 4.99%),2.19,38.49,55.44,9.39,32.67,3.43,4.89,29.88,100.04,340.120,06035
Moderado (5 - 9.99%),2.35,64.13,73.02,5.88,26.42,5.74,5.92,30.16,85.26,20.044,06042
Moderado (5 - 9.99%),2.09,51.34,64.86,8.25,29.68,5.08,5.47,28.55,94.68,64.230,06049
Bajo (1 - 4.99%),2.09,34.96,50.53,5.92,19.59,3.61,4.21,26.99,99.58,297.522,06056
Moderado (5 - 9.99%),3.00,59.01,69.16,11.28,28.21,5.63,5.93,30.24,87.56,43.385,06063
Moderado (5 - 9.99%),2.62,53.06,64.91,10.35,40.52,4.39,7.03,25.21,87.15,32.199,06070
Moderado (5 - 9.99%),1.85,61.25,74.36,8.17,37.88,6.42,5.64,35.65,90.93,28.755,06077
Bajo (1 - 4.99%),1.22,60.74,72.34,5.17,46.86,4.46,3.55,30.54,83.37,19.246,06084
Moderado (5 - 9.99%),4.60,47.56,65.78,16.42,33.03,3.35,9.15,39.07,100.01,321.487,06091
Moderado (5 - 9.99%),3.21,42.09,59.49,17.51,59.32,4.24,7.02,34.73,99.13,87.854,06098
Bajo (1 - 4.99%),1.74,59.22,69.56,6.53,30.00,5.06,4.30,29.94,85.79,33.155,06105
Bajo (1 - 4.99%),1.78,53.83,67.00,8.50,40.28,6.29,4.96,30.89,86.30,40.747,06112
Moderado (5 - 9.99%),3.86,50.17,65.43,16.73,65.77,5.51,8.29,30.80,84.85,26.201,06119
Moderado (5 - 9.99%),3.97,46.53,59.79,17.25,49.93,5.48,9.66,30.24,95.35,92.606,06126
Alto (10 - 14.99%),5.04,52.30,68.31,23.52,68.63,6.09,10.20,38.85,87.60,51.476,06134
Moderado (5 - 9.99%),2.44,60.64,73.05,7.90,18.13,6.35,5.69,24.27,90.28,14.352,06140
Moderado (5 - 9.99%),2.71,60.00,72.59,8.48,34.60,7.02,7.10,32.34,82.38,21.894,06147
Moderado (5 - 9.99%),1.84,66.65,76.03,13.03,100.00,5.25,5.78,26.42,72.16,11.449,06154
Moderado (5 - 9.99%),2.74,63.29,74.13,11.98,50.83,6.73,5.81,34.48,86.91,14.552,06161
Moderado (5 - 9.99%),2.79,63.43,73.13,6.73,28.34,5.33,6.37,27.53,83.64,8.055,06168
Moderado (5 - 9.99%),2.15,57.81,70.20,8.73,38.25,6.03,5.29,30.76,93.24,24.622,06175
Bajo (1 - 4.99%),1.68,30.59,47.17,3.74,19.10,2.05,2.70,20.67,94.20,60.590,06182
Bajo (1 - 4.99%),1.23,59.38,72.70,4.62,37.07,4.72,3.08,32.87,72.78,15.640,06189
Moderado (5 - 9.99%),2.10,62.06,72.82,8.23,31.33,6.38,5.05,33.45,88.45,22.675,06196
Bajo (1 - 4.99%),0.94,56.83,70.60,6.12,59.62,6.48,2.38,20.73,80.55,37.843,06203
Moderado (5 - 9.99%),2.27,60.11,71.38,8.26,24.53,6.31,5.34,32.08,83.22,48.374,06210
Moderado (5 - 9.99%),2.20,51.82,65.00,9.95,36.32,4.58,5.71,27.96,90.44,41.805,06217
Bajo (1 - 4.99%),1.98,54.99,66.47,10.57,45.75,5.93,4.83,30.29,93.93,63.490,06224
Moderado (5 - 9.99%),2.28,61.93,74.03,9.16,42.00,5.53,5.17,32.48,71.64,16.740,06231
Bajo (1 - 4.99%),1.97,52.78,63.53,16.59,58.84,2.99,4.48,28.40,95.89,26.435,06238
Moderado (5 - 9.99%),2.91,42.03,61.05,17.01,52.76,4.75,7.53,35.56,99.55,56.195,06245
Alto (10 - 14.99%),5.22,49.27,64.66,25.47,84.27,5.30,10.00,41.08,99.43,212.649,06252
Alto (10 - 14.99%),5.32,49.26,66.65,24.81,80.41,4.84,10.16,42.20,99.96,300.166,06260
Moderado (5 - 9.99%),3.99,52.58,65.52,15.25,59.99,5.54,9.02,36.87,81.87,29.515,06266
Alto (10 - 14.99%),7.26,51.74,70.12,35.24,83.41,4.83,12.44,46.05,99.26,160.192,06270
Muy alto (15 - 24.99%),7.33,58.61,77.28,34.45,72.83,4.99,15.23,52.39,100.01,421.756,06274
Moderado (5 - 9.99%),2.08,64.10,74.85,7.90,46.18,7.21,5.94,30.83,81.50,8.810,06277
Moderado (5 - 9.99%),3.09,51.51,63.78,9.71,42.19,4.57,7.35,38.45,91.10,39.086,06280
Moderado (5 - 9.99%),1.96,65.15,74.52,8.92,50.03,4.80,5.09,34.73,86.83,9.604,06287
Bajo (1 - 4.99%),0.98,62.46,71.84,7.87,64.60,5.18,2.81,29.69,90.02,14.735,06294
Bajo (1 - 4.99%),2.13,58.26,71.02,11.27,70.04,4.95,4.86,30.31,89.00,17.062,06301
Moderado (5 - 9.99%),1.39,68.46,76.12,15.52,100.00,5.07,5.10,19.96,0.00,2.787,06308
Moderado (5 - 9.99%),3.79,61.04,74.78,20.86,50.68,5.35,7.83,38.10,91.63,19.592,06315
Bajo (1 - 4.99%),1.59,64.31,75.43,11.01,91.71,5.91,4.40,29.24,74.77,10.638,06322
Moderado (5 - 9.99%),3.58,51.89,65.55,14.65,78.47,5.16,7.35,28.38,76.12,14.861,06329
Moderado (5 - 9.99%),3.74,64.88,76.70,20.24,70.15,4.70,7.15,36.00,0.00,3.648,06336
Moderado (5 - 9.99%),2.19,60.68,72.18,14.30,57.22,4.68,6.00,29.41,70.68,11.116,06343
Moderado (5 - 9.99%),1.57,64.69,75.36,8.72,61.60,4.94,5.31,30.86,58.27,11.253,06351
Bajo (1 - 4.99%),2.26,40.02,54.00,7.31,17.87,4.79,4.61,26.52,98.90,605.864,06357
Alto (10 - 14.99%),6.08,53.15,70.39,31.17,73.04,6.75,11.44,43.80,98.46,85.779,06364
Moderado (5 - 9.99%),2.98,42.62,59.57,10.39,47.13,4.55,6.31,34.91,100.04,411.616,06371
Bajo (1 - 4.99%),1.27,60.87,72.40,14.91,49.78,5.40,3.26,31.16,80.22,17.860,06385
Moderado (5 - 9.99%),2.90,59.08,71.44,14.43,60.38,6.77,6.39,32.27,66.16,30.670,06392
Bajo (1 - 4.99%),0.78,62.45,73.77,5.47,52.72,5.37,2.99,24.32,61.48,11.621,06399
Bajo (1 - 4.99%),1.46,60.12,72.35,7.47,41.85,5.70,4.55,27.82,90.15,9.449,06406
Moderado (5 - 9.99%),2.89,44.07,62.00,12.45,88.80,3.32,5.10,32.53,100.04,180.289,06408
Bajo (1 - 4.99%),2.02,35.44,52.67,9.84,91.58,2.81,3.24,31.04,100.05,164.678,06410
Alto (10 - 14.99%),5.88,60.18,76.78,33.70,94.04,5.57,11.39,47.76,100.02,265.109,06412
Bajo (1 - 4.99%),2.07,43.69,57.05,8.08,14.96,4.58,4.52,25.77,96.91,87.996,06413
Moderado (5 - 9.99%),3.05,44.95,60.77,9.67,34.04,4.42,5.59,45.64,99.79,68.617,06420
Alto (10 - 14.99%),5.01,54.46,70.24,24.90,54.47,5.05,10.66,46.19,100.00,1.770.674,06427
Moderado (5 - 9.99%),2.40,43.02,59.68,9.38,62.19,3.69,5.41,30.92,100.03,456.883,06434
Moderado (5 - 9.99%),2.23,28.77,41.00,12.72,29.16,4.35,5.88,30.74,98.72,642.162,06441
Moderado (5 - 9.99%),1.61,61.03,71.83,6.13,49.65,5.87,5.83,30.72,86.42,10.064,06448
Moderado (5 - 9.99%),1.96,61.46,72.68,10.26,39.73,6.28,5.34,29.90,89.82,23.607,06455
Moderado (5 - 9.99%),1.64,62.61,73.15,12.68,43.44,6.09,5.34,35.08,87.44,16.654,06462
Bajo (1 - 4.99%),1.66,57.60,67.94,9.62,48.83,5.23,4.69,31.13,74.24,41.611,06469
Bajo (1 - 4.99%),1.83,68.52,77.69,6.39,38.82,5.05,4.53,34.32,74.26,17.307,06476
Moderado (5 - 9.99%),2.61,61.59,72.45,13.28,73.23,6.81,6.69,34.53,82.50,35.781,06483
Moderado (5 - 9.99%),4.06,47.07,61.68,19.46,69.11,4.57,9.40,42.88,100.04,611.327,06490
Moderado (5 - 9.99%),2.99,46.67,61.20,13.93,60.36,6.00,6.76,31.61,92.21,103.149,06497
Moderado (5 - 9.99%),2.87,52.11,66.39,12.43,52.02,5.91,7.33,35.64,77.40,16.792,06505
Moderado (5 - 9.99%),2.47,60.43,71.08,10.91,55.67,3.99,6.51,27.58,87.06,10.014,06511
Moderado (5 - 9.99%),5.20,54.96,72.20,26.01,97.92,4.59,9.43,43.14,100.05,320.476,06515
Moderado (5 - 9.99%),2.49,52.96,65.58,10.53,71.93,4.39,5.26,32.31,81.16,21.048,06518
Muy alto (15 - 24.99%),6.86,56.82,72.74,22.91,69.76,7.18,15.52,48.78,96.25,51.921,06525
Moderado (5 - 9.99%),2.97,45.05,59.11,10.88,35.10,5.25,7.14,29.41,88.70,61.796,06532
Alto (10 - 14.99%),5.37,55.51,72.85,28.22,79.41,4.82,10.53,47.59,99.86,526.811,06539
Moderado (5 - 9.99%),3.31,56.52,70.61,9.75,45.57,5.47,7.66,32.67,82.50,20.374,06547
Bajo (1 - 4.99%),2.32,42.90,60.45,6.48,27.46,3.47,4.75,38.78,97.75,6.400,06553
Alto (10 - 14.99%),6.46,54.84,71.73,32.04,81.10,5.49,12.35,49.56,100.02,451.070,06560
Bajo (1 - 4.99%),1.30,32.63,47.98,5.95,44.63,2.38,2.49,28.52,100.08,317.561,06568
Moderado (5 - 9.99%),2.74,68.65,78.50,13.06,64.95,7.69,8.60,31.16,77.50,16.945,06574
Bajo (1 - 4.99%),1.92,51.53,64.83,4.98,23.54,4.36,4.66,33.17,96.50,91.356,06581
Moderado (5 - 9.99%),2.04,54.42,67.29,7.25,37.53,6.62,5.44,29.80,82.10,47.220,06588
Bajo (1 - 4.99%),2.08,51.39,64.83,9.98,56.78,4.11,4.68,29.40,94.68,108.320,06595
Alto (10 - 14.99%),4.82,54.84,68.31,12.87,48.79,4.28,10.22,41.67,82.88,29.927,06602
Moderado (5 - 9.99%),2.68,54.49,67.31,12.29,67.67,5.47,6.40,29.60,84.75,39.436,06609
Moderado (5 - 9.99%),1.52,62.10,73.62,5.86,31.90,6.19,5.43,25.51,86.99,5.880,06616
Moderado (5 - 9.99%),2.45,50.60,64.66,9.87,33.36,5.75,6.16,31.66,87.41,103.874,06623
Bajo (1 - 4.99%),2.30,63.13,74.65,11.60,47.74,5.14,4.99,21.02,68.58,3.590,06630
Alto (10 - 14.99%),5.98,47.82,62.49,30.56,82.59,5.87,11.31,41.26,99.46,296.359,06638
Moderado (5 - 9.99%),4.49,35.87,52.63,9.36,63.25,4.19,7.06,42.88,98.75,24.788,06644
Muy alto (15 - 24.99%),9.23,56.50,75.13,40.82,98.21,6.54,17.49,50.49,99.63,81.024,06648
Muy bajo (0 - 0.99%),0.21,59.70,72.14,2.80,83.19,4.01,0.84,22.42,65.74,15.422,06651
Bajo (1 - 4.99%),1.29,51.10,63.46,11.60,47.08,3.55,3.53,26.59,67.31,9.617,06655
Moderado (5 - 9.99%),3.85,45.64,61.78,17.16,40.62,4.20,8.95,37.40,100.03,579.778,06658
Moderado (5 - 9.99%),2.97,59.58,72.00,10.86,31.09,6.18,7.81,27.79,88.26,32.857,06665
Bajo (1 - 4.99%),1.63,63.36,74.76,6.99,22.82,5.54,3.47,28.54,83.63,15.001,06672
Moderado (5 - 9.99%),2.97,64.67,75.65,10.40,54.24,5.27,8.00,33.33,68.16,17.045,06679
Bajo (1 - 4.99%),1.79,56.47,68.39,7.52,33.02,5.47,4.42,27.63,84.48,23.272,06686
Moderado (5 - 9.99%),2.17,67.52,77.76,11.11,64.47,7.26,5.66,33.22,82.74,12.431,06693
Muy bajo (0 - 0.99%),0.41,50.73,64.58,2.38,32.14,3.40,0.90,23.42,83.29,19.605,06700
Bajo (1 - 4.99%),1.87,60.65,71.69,7.68,49.07,5.25,4.97,29.70,83.31,31.835,06707
Moderado (5 - 9.99%),2.85,58.88,70.62,10.70,53.66,6.18,8.20,30.44,84.03,32.344,06714
Bajo (1 - 4.99%),0.51,58.38,71.66,3.86,60.56,3.29,2.23,28.22,87.98,8.504,06721
Moderado (5 - 9.99%),2.70,60.56,72.79,14.58,73.71,6.83,8.25,30.95,70.56,22.775,06728
Moderado (5 - 9.99%),2.48,55.67,68.54,6.31,70.07,4.74,6.40,23.96,85.80,22.748,06735
Bajo (1 - 4.99%),1.25,66.43,76.56,5.13,27.46,5.63,2.91,27.02,87.43,8.292,06742
Moderado (5 - 9.99%),4.02,42.77,58.48,12.41,22.33,4.05,8.13,33.27,98.29,161.509,06749
Bajo (1 - 4.99%),1.55,25.28,36.84,4.83,18.95,2.25,3.32,21.30,100.59,288.976,06756
Moderado (5 - 9.99%),3.80,44.78,60.77,20.47,65.91,4.18,7.61,35.28,100.04,274.503,06760
Moderado (5 - 9.99%),2.70,44.61,60.09,11.01,41.78,4.06,6.07,27.79,98.37,144.265,06763
Moderado (5 - 9.99%),3.52,60.89,71.83,13.12,27.89,7.46,9.59,33.93,88.75,58.475,06770
Alto (10 - 14.99%),6.74,51.45,68.95,28.89,52.27,5.73,12.96,46.58,97.83,59.314,06778
Moderado (5 - 9.99%),2.75,59.52,71.85,11.58,58.08,6.83,5.95,31.90,83.25,9.992,06784
Bajo (1 - 4.99%),2.14,40.41,54.41,6.43,26.47,3.77,4.52,27.26,94.43,121.722,06791
Bajo (1 - 4.99%),1.58,65.95,75.09,12.42,45.75,4.73,4.11,29.47,80.98,9.066,06798
Moderado (5 - 9.99%),4.34,45.13,61.36,19.50,82.84,4.26,8.88,35.50,98.82,374.001,06805
Moderado (5 - 9.99%),3.23,67.38,76.52,29.93,100.00,3.30,7.82,23.24,0.00,1.727,06812
Bajo (1 - 4.99%),1.34,52.53,67.47,4.34,57.32,4.97,3.46,28.71,67.81,12.519,06819
Bajo (1 - 4.99%),1.97,51.08,65.04,4.85,18.89,5.81,4.25,23.25,89.01,42.682,06826
Bajo (1 - 4.99%),1.85,52.77,65.47,5.89,39.59,4.81,4.77,29.98,89.27,56.346,06833
Bajo (1 - 4.99%),1.89,38.58,55.19,6.32,18.44,3.36,3.66,31.72,100.06,337.213,06840
Bajo (1 - 4.99%),1.62,63.37,74.05,7.33,100.00,4.88,3.38,29.72,93.04,8.598,06847
Moderado (5 - 9.99%),2.09,62.19,74.25,10.36,60.08,6.39,6.13,35.37,77.82,35.426,06854
Bajo (1 - 4.99%),0.71,18.64,30.51,2.98,2.93,1.67,1.38,15.41,100.35,266.390,06861
Moderado (5 - 9.99%),4.07,40.35,56.53,8.42,51.22,4.35,8.94,44.69,93.22,30.994,06868
Muy alto (15 - 24.99%),6.51,66.52,80.13,23.01,81.30,8.05,15.61,51.28,75.93,30.816,06875
Moderado (5 - 9.99%),4.06,48.07,63.39,16.30,37.23,5.52,9.44,27.60,95.29,112.569,06882
Alto (10 - 14.99%),3.25,67.62,76.66,27.20,100.00,3.83,10.19,32.44,0.00,4.368,10007
,,,,,,,,,,,
Muy alto (15 - 24.99%),5.85,81.42,87.53,63.74,100.00,11.82,18.02,49.23,0.00,2.836,10014
Muy alto (15 - 24.99%),5.30,55.63,68.68,22.18,89.12,5.16,16.78,48.66,69.90,17.859,10021
Muy alto (15 - 24.99%),2.74,79.73,85.75,70.96,73.42,5.26,21.33,39.55,0.00,1.219,10028
Muy alto (15 - 24.99%),4.36,63.81,73.13,32.52,56.15,6.34,16.94,47.07,55.41,26.226,10035
Muy alto (15 - 24.99%),7.38,65.90,78.76,33.89,100.00,5.69,18.33,42.25,44.70,15.518,10042
Moderado (5 - 9.99%),4.84,32.88,48.69,13.55,17.77,3.95,9.70,37.53,99.72,158.328,10049
Alto (10 - 14.99%),4.80,76.97,82.92,52.30,100.00,7.46,14.82,41.96,0.00,3.535,10056
Alto (10 - 14.99%),4.97,43.62,59.52,14.01,93.18,3.88,10.92,33.83,86.14,11.881,10063
Muy alto (15 - 24.99%),8.52,67.68,78.30,42.33,83.80,7.33,22.39,45.52,61.65,22.493,10070
Alto (10 - 14.99%),4.95,67.80,78.65,22.66,66.84,3.31,12.57,36.97,0.00,4.138,10077
Muy alto (15 - 24.99%),5.61,62.86,75.13,27.39,100.00,5.17,19.67,34.51,48.45,10.755,10084
Alto (10 - 14.99%),4.61,60.25,70.36,35.29,69.16,4.12,13.83,46.55,64.37,22.351,10091
Muy alto (15 - 24.99%),7.20,67.09,77.58,35.69,100.00,8.25,20.53,53.31,38.22,11.661,10098
Alto (10 - 14.99%),3.68,57.42,67.92,27.13,82.54,4.60,14.88,45.25,72.23,22.056,10105
Alto (10 - 14.99%),5.39,42.07,58.53,17.63,100.00,3.98,12.55,36.66,94.26,27.100,10112
Moderado (5 - 9.99%),3.35,47.34,62.78,11.56,90.38,6.52,8.80,41.00,74.43,51.057,14007
,,,,,,,,,,,
Moderado (5 - 9.99%),3.28,29.58,45.25,7.32,49.53,5.63,6.55,32.40,99.16,1.316.906,14014
Moderado (5 - 9.99%),4.93,39.34,56.07,11.53,86.29,6.31,9.02,37.42,91.25,221.626,14021
Muy alto (15 - 24.99%),6.72,55.91,69.65,28.99,81.60,8.30,15.91,53.69,72.52,57.111,14028
Moderado (5 - 9.99%),2.88,63.77,75.87,15.52,81.87,8.52,7.62,36.32,73.68,35.259,14035
Moderado (5 - 9.99%),2.65,45.49,60.34,8.69,38.28,6.66,6.15,28.84,88.13,125.853,14042
Alto (10 - 14.99%),4.89,54.39,69.36,21.95,98.67,6.80,12.26,46.37,81.05,31.132,14049
Moderado (5 - 9.99%),2.31,58.12,73.15,7.05,62.92,6.98,6.15,29.49,78.84,60.610,14056
Bajo (1 - 4.99%),1.52,54.25,68.06,6.14,64.35,7.42,4.14,27.82,91.45,103.063,14063
Muy alto (15 - 24.99%),5.22,70.97,81.40,50.30,100.00,8.71,16.45,55.81,0.00,4.700,14070
Muy alto (15 - 24.99%),6.64,73.99,82.62,49.41,100.00,9.92,21.21,62.94,0.00,5.346,14077
Moderado (5 - 9.99%),2.34,57.55,71.83,14.85,60.23,7.18,6.76,33.36,81.00,35.938,14084
Moderado (5 - 9.99%),3.19,37.18,53.46,7.61,76.53,5.94,6.60,40.53,97.42,167.729,14091
Moderado (5 - 9.99%),2.08,48.97,63.01,7.53,41.31,6.77,6.11,30.66,91.25,243.431,14098
Alto (10 - 14.99%),4.96,63.93,77.58,17.09,97.29,8.42,11.30,45.63,68.75,46.390,14105
Muy alto (15 - 24.99%),7.49,71.09,81.28,38.17,100.00,9.29,18.78,58.44,53.76,13.170,14112
Moderado (5 - 9.99%),2.26,57.07,72.61,7.88,90.23,7.33,5.74,32.87,84.36,103.026,14119
Alto (10 - 14.99%),6.45,56.76,71.04,24.98,99.09,8.17,13.72,55.93,63.66,35.616,14126
Alto (10 - 14.99%),5.05,51.56,66.23,23.00,98.63,7.39,13.07,53.71,71.53,52.561,14133
Moderado (5 - 9.99%),2.09,54.34,66.98,8.43,68.22,7.84,5.75,30.15,80.88,203.716,14140
Moderado (5 - 9.99%),4.54,45.79,63.01,14.44,75.33,5.93,9.09,40.77,77.57,94.290,14147
Muy alto (15 - 24.99%),6.33,71.01,80.40,35.55,100.00,13.55,15.35,54.74,50.53,4.437,14154
Bajo (1 - 4.99%),1.77,50.71,66.78,4.69,53.63,5.96,4.60,29.99,89.63,107.692,14161
Alto (10 - 14.99%),5.28,60.36,73.60,17.04,98.42,7.46,12.29,42.03,44.65,18.321,14168
Alto (10 - 14.99%),4.85,72.21,82.58,36.62,100.00,8.78,11.95,54.98,35.37,12.615,14175
Moderado (5 - 9.99%),2.34,53.78,67.36,8.99,68.40,7.55,6.79,31.84,80.40,104.389,14182
Crítico (25 - 100%),7.78,65.64,76.07,34.35,56.35,9.45,30.40,58.91,78.18,37.051,18007
,,,,,,,,,,,
Crítico (25 - 100%),11.83,75.15,82.69,50.00,100.00,5.10,40.09,52.66,0.00,2.422,18014
Muy alto (15 - 24.99%),5.75,37.38,50.25,14.18,26.47,4.99,18.89,48.51,97.83,354.988,18021
Crítico (25 - 100%),10.28,79.75,86.76,62.29,95.20,12.24,51.69,69.40,52.97,21.009,18028
Crítico (25 - 100%),5.64,65.78,76.49,27.46,37.62,9.66,25.84,48.19,84.56,44.071,18035
Crítico (25 - 100%),7.08,71.34,80.49,45.43,94.85,8.61,32.42,50.84,61.04,14.960,18042
Crítico (25 - 100%),8.07,66.39,75.60,44.61,63.06,10.08,34.29,59.38,61.86,30.586,18049
Muy alto (15 - 24.99%),4.11,62.09,74.57,28.19,82.82,6.08,22.93,51.24,85.32,7.838,18056
Crítico (25 - 100%),7.53,74.41,82.71,47.41,69.43,7.39,33.72,61.57,57.10,14.689,18063
Crítico (25 - 100%),6.89,62.94,74.28,32.64,46.92,9.05,28.20,55.13,79.65,89.276,18070
Crítico (25 - 100%),5.94,69.95,79.85,35.99,77.93,6.97,28.01,60.17,71.24,9.048,18077
Crítico (25 - 100%),5.74,60.71,74.96,33.48,74.60,7.04,30.45,49.59,78.74,30.873,18084
Crítico (25 - 100%),11.62,80.09,87.39,56.70,68.42,13.09,46.35,69.00,50.83,28.609,18091
Crítico (25 - 100%),9.15,77.22,83.20,48.49,73.65,7.40,35.73,66.70,75.30,9.178,18098
Crítico (25 - 100%),5.24,62.53,73.99,23.89,49.35,9.57,25.94,50.71,82.59,40.333,18105
Muy alto (15 - 24.99%),4.15,61.06,74.72,17.32,25.81,8.26,20.69,44.79,80.99,36.020,18112
Muy alto (15 - 24.99%),5.67,52.30,67.35,20.64,39.61,7.47,24.37,48.87,88.92,48.248,18119
Crítico (25 - 100%),7.73,70.31,79.96,45.80,73.47,7.96,36.41,62.25,69.27,22.108,18126
Crítico (25 - 100%),6.23,61.18,71.48,34.11,97.71,5.90,27.59,52.82,56.32,14.203,18133
Crítico (25 - 100%),7.43,72.88,79.92,49.33,74.21,5.89,31.81,61.76,69.73,17.480,18140
Crítico (25 - 100%),5.82,69.00,81.54,32.34,75.23,8.83,31.04,53.96,54.60,12.905,18147
Crítico (25 - 100%),13.94,74.89,82.18,59.85,100.00,7.49,50.80,64.40,45.94,10.389,18154
Crítico (25 - 100%),8.97,76.54,84.97,46.29,84.33,9.05,38.25,61.65,65.71,18.298,18161
Crítico (25 - 100%),4.79,56.15,68.33,26.79,46.26,7.74,26.38,39.94,88.15,60.861,18168
Crítico (25 - 100%),6.72,73.83,83.02,39.50,56.05,10.50,31.27,56.52,77.88,8.926,18175
Crítico (25 - 100%),9.38,75.23,84.72,76.80,99.39,12.36,36.25,70.38,81.27,33.958,22007
,,,,,,,,,,,
Crítico (25 - 100%),6.36,63.66,76.36,42.02,88.59,6.27,25.05,58.52,54.91,24.863,22014
Muy alto (15 - 24.99%),6.33,58.29,71.10,44.11,68.84,8.55,23.42,59.26,92.87,95.639,22021
Muy alto (15 - 24.99%),5.27,63.75,75.87,50.75,100.00,9.67,18.18,60.60,86.63,30.386,22028
Crítico (25 - 100%),6.11,74.56,83.91,62.00,100.00,10.53,26.10,66.17,77.69,22.156,22036
Muy alto (15 - 24.99%),4.90,75.01,84.16,59.22,100.00,11.62,20.48,69.83,67.43,7.421,22039
Muy alto (15 - 24.99%),7.18,78.04,85.13,76.87,100.00,11.83,24.61,68.07,62.29,11.741,22043
Crítico (25 - 100%),6.40,78.82,88.21,69.72,100.00,11.54,30.81,74.67,86.26,11.951,22049
Muy alto (15 - 24.99%),6.95,67.96,79.12,39.64,97.78,7.34,24.39,56.17,76.28,13.426,22056
Crítico (25 - 100%),12.94,75.66,84.16,73.64,98.78,12.54,41.51,77.65,61.53,66.555,22063
Crítico (25 - 100%),9.84,82.89,90.95,78.48,98.95,15.42,37.50,76.23,80.04,22.344,22070
Muy alto (15 - 24.99%),6.27,61.48,77.17,33.06,57.06,7.92,22.13,43.91,72.62,12.137,22077
Crítico (25 - 100%),11.08,72.23,82.28,52.58,81.02,10.49,37.34,70.97,70.19,58.801,22084
Crítico (25 - 100%),9.39,78.46,86.87,67.82,91.51,15.24,35.86,75.52,67.11,25.217,22091
Crítico (25 - 100%),6.34,66.20,77.66,47.60,72.50,10.12,25.76,64.79,88.76,54.691,22098
Muy alto (15 - 24.99%),5.55,68.47,79.10,60.14,100.00,11.44,21.31,67.35,80.42,28.437,22105
Crítico (25 - 100%),9.20,79.98,86.88,55.73,98.65,13.17,38.27,75.12,77.65,20.121,22112
Crítico (25 - 100%),8.93,74.33,83.93,49.62,70.67,11.19,33.03,67.44,77.09,12.429,22119
Crítico (25 - 100%),5.31,64.15,75.56,34.02,100.00,6.24,25.08,58.53,76.63,10.304,22126
Crítico (25 - 100%),10.21,69.43,80.29,56.68,73.66,12.72,34.26,70.19,71.90,33.985,22133
Muy alto (15 - 24.99%),5.26,42.33,60.22,21.12,53.14,5.68,18.66,48.13,98.77,387.030,22140
Crítico (25 - 100%),7.84,79.88,86.70,65.86,98.45,11.48,31.19,70.46,69.47,14.637,22147
Crítico (25 - 100%),7.58,72.86,81.15,60.11,95.08,7.87,29.47,66.11,65.68,15.795,22154
Crítico (25 - 100%),7.70,77.60,87.20,56.49,78.72,11.52,30.50,48.55,0.00,4.089,22161
Crítico (25 - 100%),12.93,75.46,85.24,56.93,76.83,13.36,39.48,73.34,75.25,29.134,22168
Bajo (1 - 4.99%),5.56,40.09,60.16,10.20,13.98,3.81,3.46,27.59,98.38,80.109,26007
,,,,,,,,,,,
Bajo (1 - 4.99%),3.25,54.33,67.63,23.13,90.10,5.01,2.21,51.65,34.86,20.095,26014
Bajo (1 - 4.99%),3.98,38.44,56.79,11.62,11.02,4.40,2.12,24.22,98.90,184.279,26021
Bajo (1 - 4.99%),1.88,60.54,74.74,12.53,100.00,6.32,1.97,35.40,0.00,1.420,26028
Bajo (1 - 4.99%),3.63,47.52,62.72,11.27,17.99,3.42,2.23,33.72,89.95,42.071,26035
Bajo (1 - 4.99%),3.71,60.75,73.97,15.42,89.94,5.43,2.93,32.60,70.43,10.815,26042
Bajo (1 - 4.99%),2.73,80.27,86.13,51.76,100.00,3.59,1.13,52.98,0.00,1.323,26049
Bajo (1 - 4.99%),2.52,78.75,86.49,37.00,57.41,8.44,1.32,49.85,0.00,2.887,26056
Bajo (1 - 4.99%),4.18,82.93,88.50,34.49,100.00,16.78,4.40,51.29,0.00,727,26063
Bajo (1 - 4.99%),2.31,76.58,87.37,31.28,69.80,9.03,2.42,52.81,0.00,1.816,26070
Bajo (1 - 4.99%),3.40,42.71,60.13,9.94,15.83,3.70,2.03,28.98,98.52,129.201,26077
Muy bajo (0 - 0.99%),1.71,60.94,74.45,18.25,85.03,6.66,0.77,36.13,47.09,5.606,26084
Bajo (1 - 4.99%),3.86,54.51,69.31,9.81,24.77,5.35,2.16,27.28,95.01,10.558,26091
Bajo (1 - 4.99%),3.18,63.25,76.74,17.23,94.26,7.48,2.78,47.94,42.50,5.210,26098
Bajo (1 - 4.99%),3.32,74.53,86.23,31.96,100.00,8.53,3.56,49.51,0.00,1.601,26105
Moderado (5 - 9.99%),2.98,58.41,70.19,10.17,33.78,7.30,8.61,33.00,85.15,61.505,30008
,,,,,,,,,,,
Alto (10 - 14.99%),5.46,52.47,67.06,18.37,24.68,8.01,13.27,45.57,90.67,167.170,30015
Moderado (5 - 9.99%),2.48,53.71,65.33,10.15,41.56,6.43,9.08,35.01,78.36,45.116,30021
Alto (10 - 14.99%),4.73,65.49,76.77,12.92,22.93,10.50,12.00,39.99,81.80,67.391,30028
Muy alto (15 - 24.99%),6.12,67.63,78.54,26.19,46.80,7.92,17.04,47.83,73.58,25.575,30035
Muy alto (15 - 24.99%),8.08,67.87,77.89,37.02,49.43,6.20,23.98,47.22,68.12,15.007,30042
Alto (10 - 14.99%),3.97,56.71,69.80,11.68,24.40,7.79,12.71,37.92,87.17,51.425,30049
Moderado (5 - 9.99%),2.62,51.41,63.92,8.12,21.71,5.20,7.88,35.87,89.00,108.594,30056
Muy alto (15 - 24.99%),5.66,68.51,78.96,36.26,77.94,7.98,21.03,49.81,37.75,11.910,30063
Muy alto (15 - 24.99%),7.53,63.84,76.35,21.66,37.10,8.16,22.11,45.63,79.48,66.428,30070
Alto (10 - 14.99%),3.37,60.50,71.81,14.71,31.64,7.11,11.56,42.74,69.53,38.783,30077
Alto (10 - 14.99%),2.97,39.86,54.33,7.77,29.55,5.04,11.49,29.12,94.12,336.790,30084
Alto (10 - 14.99%),4.07,70.06,78.73,10.69,21.55,8.06,10.12,41.68,90.64,17.306,30088
Alto (10 - 14.99%),3.49,62.12,72.76,15.19,43.29,7.32,12.09,42.07,80.66,25.393,30091
Moderado (5 - 9.99%),2.66,50.80,63.73,9.15,23.99,6.91,8.27,33.21,81.41,99.655,30098
Alto (10 - 14.99%),4.06,53.90,66.70,16.82,49.82,7.20,13.27,39.06,85.60,35.297,30105
Alto (10 - 14.99%),4.52,61.12,71.69,18.42,31.95,8.12,14.71,44.18,72.77,48.565,30113
Crítico (25 - 100%),22.27,78.89,86.67,91.54,100.00,11.92,51.95,81.94,25.99,13.865,34007
,,,,,,,,,,,
Muy alto (15 - 24.99%),7.12,43.95,58.84,28.51,40.47,4.85,17.01,49.47,96.57,232.555,34014
Crítico (25 - 100%),10.91,69.90,80.63,59.92,95.55,5.91,31.13,57.92,59.20,17.013,34021
Crítico (25 - 100%),16.71,64.02,78.20,77.22,100.00,7.80,38.33,72.92,89.03,14.281,34028
Crítico (25 - 100%),11.26,68.80,79.89,72.49,98.89,8.57,31.45,69.88,71.62,68.066,34035
Crítico (25 - 100%),9.97,72.67,83.21,73.40,100.00,7.31,29.17,72.30,34.50,18.208,34042
Muy alto (15 - 24.99%),8.40,61.96,74.07,49.36,74.01,5.70,21.59,66.14,78.88,84.657,34049
Crítico (25 - 100%),8.68,69.82,81.16,56.85,95.86,8.35,25.55,66.10,77.62,64.331,34056
Crítico (25 - 100%),38.77,72.07,82.08,95.82,100.00,12.32,73.09,85.32,24.71,13.643,34063
Muy alto (15 - 24.99%),6.94,67.39,80.79,71.66,79.75,5.43,22.49,64.48,70.17,12.244,38007
,,,,,,,,,,,
Muy alto (15 - 24.99%),11.08,61.16,78.34,35.54,57.51,7.23,24.69,51.86,77.53,96.833,38014
Moderado (5 - 9.99%),4.65,35.69,55.01,18.72,27.86,3.37,9.81,44.96,98.09,262.213,38021
Muy alto (15 - 24.99%),6.16,58.14,73.07,46.54,52.99,4.90,17.49,54.63,71.82,17.040,38028
Muy alto (15 - 24.99%),8.52,56.62,74.05,26.48,29.36,5.42,18.41,49.65,94.88,81.412,38035
Alto (10 - 14.99%),4.97,45.82,67.39,18.69,24.96,3.95,10.64,43.96,95.38,52.538,38042
Muy alto (15 - 24.99%),5.61,84.81,92.04,87.34,100.00,8.46,24.95,47.75,0.00,1.824,38049
Muy alto (15 - 24.99%),8.39,58.27,75.63,51.90,77.48,6.65,20.59,49.17,0.00,4.463,38056
Muy alto (15 - 24.99%),7.18,51.57,69.67,32.67,37.08,4.36,17.19,39.16,87.92,74.738,38063
Crítico (25 - 100%),11.51,71.50,85.63,50.17,64.89,6.91,29.99,57.11,76.20,17.628,38070
Crítico (25 - 100%),4.61,83.57,89.60,88.65,100.00,5.84,29.78,71.18,0.00,2.764,38077
Crítico (25 - 100%),6.67,76.58,87.12,72.25,100.00,10.03,25.42,56.53,0.00,3.383,38084
Muy alto (15 - 24.99%),7.42,58.20,73.89,53.40,88.90,5.85,20.33,61.00,65.05,11.787,38094
Muy alto (15 - 24.99%),5.53,68.22,79.67,58.26,70.02,7.55,20.67,58.67,0.00,4.484,38098
Muy alto (15 - 24.99%),6.31,75.42,87.39,79.02,100.00,6.41,24.37,61.49,0.00,2.405,38105
Muy alto (15 - 24.99%),6.65,58.83,73.08,54.24,48.46,3.74,19.18,63.33,81.65,20.459,38112
Bajo (1 - 4.99%),0.64,65.73,77.61,2.90,63.89,7.39,1.46,35.72,47.75,10.035,42007
,,,,,,,,,,,
Bajo (1 - 4.99%),2.70,61.67,78.27,5.94,100.00,4.36,4.27,40.81,0.00,2.250,42014
Bajo (1 - 4.99%),2.02,41.45,54.80,4.06,11.63,4.59,2.89,31.54,97.73,103.714,42021
Bajo (1 - 4.99%),1.88,65.84,78.74,6.11,89.16,7.50,4.43,36.13,54.14,7.266,42028
Bajo (1 - 4.99%),0.62,69.28,78.52,3.04,78.16,7.55,1.26,40.94,81.36,13.929,42035
Bajo (1 - 4.99%),3.33,68.33,83.06,23.89,100.00,7.69,2.79,51.15,0.00,968,42042
Moderado (5 - 9.99%),3.17,68.22,78.78,15.95,100.00,6.20,6.45,56.72,86.12,2.882,42049
Bajo (1 - 4.99%),2.01,63.38,75.00,5.80,48.64,8.34,3.73,34.20,64.75,11.511,42056
Moderado (5 - 9.99%),6.75,78.27,85.44,32.07,100.00,8.15,9.56,65.51,0.00,1.423,42063
Bajo (1 - 4.99%),0.59,68.86,78.17,7.84,95.63,23.88,3.39,44.73,41.83,8.713,42070
Muy bajo (0 - 0.99%),0.28,67.33,78.61,4.06,100.00,6.27,0.69,38.36,66.27,7.398,42077
Muy bajo (0 - 0.99%),0.00,73.63,79.12,12.64,100.00,8.33,0.00,33.71,0.00,400,42084
Bajo (1 - 4.99%),1.06,78.84,87.83,39.15,100.00,14.29,2.63,50.89,0.00,494,42091
Bajo (1 - 4.99%),1.03,61.69,73.05,8.78,96.21,4.30,2.16,47.05,66.95,8.435,42098
Bajo (1 - 4.99%),1.59,48.43,61.60,3.66,11.01,5.21,2.20,35.51,96.27,58.365,42105
Moderado (5 - 9.99%),4.59,59.18,74.30,14.41,26.81,6.73,5.61,38.78,83.67,9.393,42112
Bajo (1 - 4.99%),0.64,68.53,78.15,4.11,100.00,7.56,2.03,32.93,75.41,8.604,42119
Bajo (1 - 4.99%),2.17,70.72,79.55,6.49,100.00,6.56,4.36,48.30,69.42,10.562,42126
Bajo (1 - 4.99%),1.33,64.55,74.07,3.38,57.07,5.82,2.74,36.16,73.91,16.084,42133
Bajo (1 - 4.99%),2.45,50.03,63.53,8.42,51.64,5.00,3.72,36.57,93.93,12.220,42140
Bajo (1 - 4.99%),1.19,72.19,80.67,5.24,54.64,7.92,2.84,37.80,62.02,5.356,42147
Bajo (1 - 4.99%),1.22,61.86,73.07,5.23,48.91,6.70,2.28,39.88,82.64,14.575,42154
Alto (10 - 14.99%),6.57,55.15,67.97,26.67,94.35,10.08,10.22,40.21,79.34,15.316,46007
,,,,,,,,,,,
Moderado (5 - 9.99%),5.85,34.37,50.01,15.79,21.13,5.28,6.07,37.66,98.85,179.480,46014
Bajo (1 - 4.99%),2.79,56.10,67.24,10.77,100.00,4.72,4.17,35.24,0.00,4.217,46021
Moderado (5 - 9.99%),3.29,59.57,68.40,30.15,100.00,4.27,6.05,48.93,77.15,9.558,46028
Moderado (5 - 9.99%),5.35,48.10,60.08,23.09,90.12,6.42,7.44,41.85,91.25,14.080,46035
Moderado (5 - 9.99%),5.45,48.20,61.42,18.81,45.34,7.31,7.34,40.39,88.41,48.945,46042
Moderado (5 - 9.99%),4.44,61.25,71.01,30.27,100.00,6.04,5.72,41.75,42.20,5.843,46049
Moderado (5 - 9.99%),3.92,68.17,78.09,40.25,89.85,5.47,7.49,44.91,0.00,3.059,46056
Moderado (5 - 9.99%),4.98,57.14,68.03,29.18,100.00,4.83,8.19,46.27,61.53,7.338,46063
Alto (10 - 14.99%),6.50,71.86,77.92,46.39,100.00,6.11,12.45,40.58,0.00,4.104,46070
Moderado (5 - 9.99%),4.55,56.61,71.90,21.28,100.00,3.31,6.10,43.71,0.00,1.720,46077
Moderado (5 - 9.99%),4.15,67.13,74.90,38.69,100.00,6.54,7.23,43.95,48.93,7.124,46084
Muy alto (15 - 24.99%),9.95,70.78,79.11,43.41,100.00,8.10,16.04,54.65,64.77,4.919,46091
Bajo (1 - 4.99%),3.13,59.79,71.80,23.89,100.00,3.51,4.88,38.41,88.49,2.685,46098
Alto (10 - 14.99%),6.69,67.34,80.25,64.54,100.00,9.28,11.74,52.12,0.00,2.419,46105
Alto (10 - 14.99%),7.29,62.54,72.04,33.72,100.00,7.70,11.09,49.62,78.57,14.010,46112
Moderado (5 - 9.99%),3.50,62.01,72.40,27.41,100.00,5.05,5.35,41.23,99.77,3.907,46119
Moderado (5 - 9.99%),4.66,51.93,66.24,21.70,100.00,4.60,5.88,32.79,97.00,2.330,46126
Bajo (1 - 4.99%),1.71,20.56,31.92,6.26,4.76,3.89,4.48,28.00,100.11,109.044,50007
,,,,,,,,,,,
Moderado (5 - 9.99%),2.69,60.73,74.44,16.44,60.22,5.76,9.48,44.14,75.08,46.086,50014
Moderado (5 - 9.99%),2.12,32.06,49.47,4.97,5.05,3.91,5.30,29.90,99.74,190.517,50021
Moderado (5 - 9.99%),3.72,41.98,60.14,9.35,20.32,5.29,8.36,38.45,93.16,281.686,50028
Moderado (5 - 9.99%),3.01,62.71,77.08,11.21,56.68,6.72,9.19,36.38,55.57,37.637,50035
Alto (10 - 14.99%),3.80,61.38,74.90,17.32,83.10,4.84,11.69,42.70,78.72,9.971,50042
Alto (10 - 14.99%),4.79,46.02,65.89,11.73,12.84,5.63,11.01,42.08,94.83,202.400,50049
Muy alto (15 - 24.99%),6.54,74.51,86.52,32.69,77.98,8.22,22.72,54.70,29.11,36.710,50056
Moderado (5 - 9.99%),3.55,45.11,60.39,12.34,44.23,5.12,9.80,33.01,82.22,118.655,50063
Alto (10 - 14.99%),4.52,55.20,72.93,15.74,51.97,7.78,12.13,42.21,74.75,171.740,50070
Alto (10 - 14.99%),5.50,60.14,73.87,22.20,98.24,5.77,14.21,40.53,79.67,26.805,50077
Alto (10 - 14.99%),3.66,61.58,75.20,13.83,60.58,7.05,11.57,39.75,57.81,56.146,50084
Alto (10 - 14.99%),5.09,64.46,77.04,20.47,72.63,6.77,13.43,45.46,54.30,32.452,50091
Alto (10 - 14.99%),4.36,59.49,73.93,15.90,46.84,8.68,12.43,39.61,69.26,117.508,50098
Alto (10 - 14.99%),3.26,54.54,68.48,16.77,64.48,4.94,10.03,37.68,69.75,184.826,50105
Alto (10 - 14.99%),3.94,73.55,84.23,20.37,100.00,8.01,14.55,37.74,51.25,16.327,50112
Muy alto (15 - 24.99%),6.35,59.02,73.13,17.91,47.57,6.40,15.46,45.03,71.72,49.013,50119
Muy alto (15 - 24.99%),8.79,66.69,78.43,24.94,60.33,7.60,20.68,49.34,40.66,32.377,50126
Muy alto (15 - 24.99%),4.55,61.81,73.36,35.68,95.15,7.73,21.77,44.12,83.40,42.128,54007
,,,,,,,,,,,
Muy alto (15 - 24.99%),4.37,79.62,86.65,52.28,99.30,13.05,21.68,53.87,54.13,53.192,54014
Muy alto (15 - 24.99%),5.96,65.05,78.11,40.07,97.12,8.15,22.95,54.07,69.85,26.531,54021
Alto (10 - 14.99%),3.80,39.84,55.50,18.50,56.10,5.19,13.38,41.24,98.50,321.885,54028
Muy alto (15 - 24.99%),4.91,77.94,85.29,44.97,100.00,11.88,24.78,50.94,66.02,9.524,54035
Muy alto (15 - 24.99%),4.07,60.16,73.89,33.02,95.60,8.02,18.32,49.08,79.92,77.191,54042
Muy alto (15 - 24.99%),4.79,79.73,86.31,59.00,97.41,14.57,23.88,64.01,50.18,42.568,54049
Muy alto (15 - 24.99%),4.23,82.95,88.64,64.19,99.39,17.71,22.06,57.07,38.46,67.585,54056
Muy alto (15 - 24.99%),6.48,58.75,73.23,37.55,89.48,9.19,22.21,48.14,92.36,79.423,54063
Alto (10 - 14.99%),3.00,67.89,77.20,41.38,98.26,9.44,14.89,44.20,58.76,44.737,54070
Muy alto (15 - 24.99%),5.19,68.45,78.98,32.97,84.45,9.41,20.99,50.65,59.85,46.190,54077
Muy alto (15 - 24.99%),4.68,66.28,78.03,37.53,86.84,8.70,20.28,48.35,71.53,36.578,54084
Muy alto (15 - 24.99%),4.09,64.33,74.07,39.68,76.55,10.17,18.62,44.18,69.24,106.474,54091
Muy alto (15 - 24.99%),5.27,69.22,80.09,43.77,99.14,8.72,22.87,53.30,67.70,57.462,54098
Muy alto (15 - 24.99%),3.52,76.37,83.81,50.75,96.50,10.86,17.74,51.25,43.11,20.743,54105
Crítico (25 - 100%),5.82,83.42,89.04,69.55,100.00,15.79,27.75,67.03,33.35,30.930,54112
Muy alto (15 - 24.99%),2.44,86.27,91.14,59.20,99.23,17.26,17.00,52.93,13.87,27.593,54119
Alto (10 - 14.99%),4.69,57.40,71.88,27.14,54.11,6.74,12.12,48.12,57.74,7.757,58007
,,,,,,,,,,,
Muy alto (15 - 24.99%),9.14,60.90,80.42,25.20,56.08,8.45,19.35,38.27,82.99,10.738,58014
Alto (10 - 14.99%),5.60,81.54,88.05,51.89,100.00,12.95,14.16,60.65,0.00,2.140,58021
Alto (10 - 14.99%),4.26,57.83,71.81,17.02,36.09,6.12,12.76,41.28,81.06,4.508,58028
Moderado (5 - 9.99%),4.33,37.18,56.39,10.32,20.62,5.01,8.17,35.22,97.31,359.891,58035
Moderado (5 - 9.99%),4.00,53.22,69.00,13.30,74.41,3.81,8.14,41.74,86.28,14.875,58042
Alto (10 - 14.99%),5.76,48.13,64.12,19.68,22.55,4.76,13.20,43.70,86.81,14.086,58049
Moderado (5 - 9.99%),3.16,35.20,52.44,9.26,21.34,4.70,7.53,35.50,94.70,28.200,58056
Muy alto (15 - 24.99%),8.75,69.65,80.75,29.60,37.25,7.30,18.89,43.18,70.37,6.872,58063
Moderado (5 - 9.99%),1.41,32.90,52.88,9.19,98.07,3.79,5.01,32.64,93.83,10.682,58070
Moderado (5 - 9.99%),4.10,67.93,77.90,18.18,58.04,4.21,9.36,33.70,34.65,7.083,58077
Muy alto (15 - 24.99%),5.80,70.51,81.67,30.43,67.54,5.86,16.30,36.81,0.00,4.502,58084
Alto (10 - 14.99%),5.77,47.58,68.94,16.59,48.24,6.23,11.70,31.35,89.28,22.921,58091
Moderado (5 - 9.99%),4.24,63.79,78.17,23.68,41.07,6.85,8.70,45.41,68.64,4.550,58098
Alto (10 - 14.99%),7.38,60.69,75.59,20.31,41.28,4.90,14.00,40.79,65.19,6.802,58105
Alto (10 - 14.99%),5.77,50.65,66.88,13.88,17.98,5.23,11.25,39.69,93.91,36.164,58112
Bajo (1 - 4.99%),3.66,40.25,56.17,8.69,16.61,3.92,4.41,33.15,92.51,56.664,62007
,,,,,,,,,,,
Moderado (5 - 9.99%),5.37,58.71,76.54,13.41,32.05,6.38,5.08,42.03,78.69,34.371,62014
Bajo (1 - 4.99%),3.10,34.91,52.39,15.36,47.57,4.53,4.09,31.55,94.97,127.147,62021
Moderado (5 - 9.99%),3.46,64.11,79.19,18.59,93.17,7.60,5.22,49.95,77.77,6.949,62028
Moderado (5 - 9.99%),6.26,69.50,84.16,50.94,100.00,8.56,5.46,52.50,41.68,5.235,62035
Bajo (1 - 4.99%),4.57,48.48,66.52,13.17,28.49,5.97,3.67,34.60,87.25,318.213,62042
Moderado (5 - 9.99%),4.36,74.35,83.79,40.87,100.00,4.95,5.33,56.98,0.00,3.398,62049
Moderado (5 - 9.99%),2.35,85.24,90.89,65.31,100.00,8.99,5.06,64.40,0.00,1.679,62056
Bajo (1 - 4.99%),2.24,55.81,72.39,9.67,52.81,6.05,3.00,36.52,83.19,13.912,62063
Bajo (1 - 4.99%),2.92,51.53,63.01,25.04,94.49,6.63,3.41,37.44,48.53,7.097,62070
Bajo (1 - 4.99%),3.25,51.37,68.47,9.01,66.23,4.49,3.98,37.87,97.26,28.809,62077
Bajo (1 - 4.99%),3.36,67.66,79.15,27.37,84.80,5.72,3.69,51.36,54.55,6.972,62084
Moderado (5 - 9.99%),5.65,67.99,79.76,30.60,96.36,6.21,5.94,55.17,88.74,15.415,62091
Crítico (25 - 100%),10.97,70.87,81.20,46.58,66.91,9.84,28.96,56.38,68.63,57.056,66007
,,,,,,,,,,,
Muy alto (15 - 24.99%),7.68,68.64,78.13,49.92,74.10,5.48,24.23,61.78,35.02,7.205,66014
Muy alto (15 - 24.99%),9.25,52.55,66.72,21.15,21.63,5.38,17.73,45.47,92.26,14.414,66021
Alto (10 - 14.99%),6.74,33.46,51.16,19.11,16.14,4.10,12.40,41.91,99.52,529.436,66028
Muy alto (15 - 24.99%),11.83,53.73,70.06,43.30,59.12,6.44,24.53,47.47,78.95,35.522,66035
Muy alto (15 - 24.99%),9.78,62.56,75.85,39.70,75.81,6.30,21.46,40.84,66.96,20.669,66042
Muy alto (15 - 24.99%),7.82,55.55,73.32,28.16,55.22,5.54,19.23,50.14,91.45,46.920,66049
Crítico (25 - 100%),11.91,59.03,74.26,48.78,55.67,7.86,29.68,61.74,85.93,155.560,66056
Muy alto (15 - 24.99%),6.84,70.20,81.57,45.03,55.08,9.97,21.84,49.98,64.94,3.160,66063
Crítico (25 - 100%),10.17,77.86,84.11,76.13,86.37,5.84,29.47,65.93,0.00,5.929,66070
Alto (10 - 14.99%),5.51,38.31,51.82,26.53,100.00,3.39,13.79,40.31,87.13,7.724,66077
Muy alto (15 - 24.99%),8.37,68.48,78.49,45.61,95.98,5.65,23.25,54.38,46.26,5.670,66084
Crítico (25 - 100%),7.09,81.09,86.76,67.14,100.00,10.29,27.21,62.43,0.00,1.687,66091
Muy alto (15 - 24.99%),8.29,66.24,79.78,44.41,82.45,4.75,21.12,47.55,55.58,7.316,66098
Crítico (25 - 100%),11.12,68.16,77.92,61.84,62.56,5.68,33.76,54.79,80.85,5.607,66105
Muy alto (15 - 24.99%),6.21,57.48,70.64,30.44,34.63,6.57,16.14,49.12,84.17,40.031,66112
Crítico (25 - 100%),7.05,78.93,83.46,71.03,80.27,9.12,28.81,62.46,0.00,5.523,66119
Crítico (25 - 100%),11.80,60.78,75.95,48.93,39.16,7.98,29.22,57.87,93.39,137.605,66126
Crítico (25 - 100%),25.41,81.74,88.22,87.07,100.00,13.45,54.08,80.89,30.42,30.207,66133
Alto (10 - 14.99%),5.22,61.68,75.93,29.86,36.56,6.98,14.45,56.51,83.66,28.763,66140
Muy alto (15 - 24.99%),8.80,58.08,72.76,36.64,67.03,5.72,21.05,48.12,76.95,38.571,66147
Crítico (25 - 100%),8.78,75.00,82.87,48.49,52.85,7.72,26.69,61.35,31.26,6.954,66154
Crítico (25 - 100%),6.95,81.57,87.86,79.80,83.30,7.30,29.40,74.36,0.00,10.266,66161
Muy alto (15 - 24.99%),7.57,69.59,82.53,32.10,88.64,8.46,22.49,54.35,92.30,23.837,70007
,,,,,,,,,,,
Muy alto (15 - 24.99%),6.15,76.58,86.70,39.01,94.29,7.49,20.92,53.26,54.98,8.115,70014
Muy alto (15 - 24.99%),4.77,68.63,79.12,36.80,100.00,6.08,19.88,48.32,68.27,8.230,70021
Bajo (1 - 4.99%),1.73,26.57,39.88,6.41,22.20,3.71,4.61,30.75,100.19,107.369,70028
Muy alto (15 - 24.99%),8.27,63.13,77.19,27.90,45.23,7.69,22.93,56.54,73.65,38.252,70035
Muy alto (15 - 24.99%),6.82,56.63,75.44,19.12,97.63,6.72,18.48,53.27,100.01,86.322,70042
Muy alto (15 - 24.99%),6.90,71.02,79.35,37.25,100.00,5.98,20.07,40.00,38.19,6.785,70049
Alto (10 - 14.99%),3.63,63.26,73.23,30.94,100.00,4.24,12.87,51.73,51.89,20.711,70056
Crítico (25 - 100%),10.13,77.80,89.01,39.40,94.91,10.08,28.71,52.36,72.45,9.306,70063
Muy alto (15 - 24.99%),7.51,69.01,82.52,33.45,93.33,10.03,23.10,58.34,74.59,53.067,70070
Alto (10 - 14.99%),5.31,51.81,69.81,15.89,86.42,6.79,13.94,47.16,95.69,114.231,70077
Alto (10 - 14.99%),3.59,36.94,52.39,10.53,73.44,4.65,10.02,35.73,99.97,82.033,70084
Muy alto (15 - 24.99%),6.47,75.14,86.58,29.79,77.83,8.26,21.80,51.65,24.01,11.109,70091
Alto (10 - 14.99%),4.64,46.87,62.59,15.05,46.93,5.78,12.69,44.74,100.04,47.898,70098
Crítico (25 - 100%),10.55,74.18,86.18,40.26,86.24,9.68,28.31,50.58,53.09,22.093,70105
Muy alto (15 - 24.99%),6.75,74.39,85.85,31.54,100.00,8.86,20.25,48.22,90.42,4.854,70112
Muy alto (15 - 24.99%),5.67,64.51,75.64,30.19,100.00,5.69,19.13,53.89,62.50,7.014,70119
Crítico (25 - 100%),9.51,78.93,89.58,42.39,89.28,9.56,29.96,59.06,51.41,16.981,70126
Muy alto (15 - 24.99%),6.69,68.81,80.77,25.84,100.00,9.33,22.38,46.68,94.09,4.789,70133
Muy alto (15 - 24.99%),5.98,64.37,74.76,31.69,96.46,8.07,16.14,56.21,83.46,18.898,74007
,,,,,,,,,,,
Muy alto (15 - 24.99%),5.95,79.37,87.33,51.55,91.42,8.81,18.01,54.23,0.00,3.893,74014
Alto (10 - 14.99%),3.75,64.76,77.46,19.58,88.16,7.72,11.88,47.25,56.02,13.087,74021
Moderado (5 - 9.99%),3.72,62.88,76.50,14.66,86.97,7.72,9.66,46.42,72.02,20.616,74028
Moderado (5 - 9.99%),3.61,44.30,61.08,10.89,24.98,5.53,9.34,37.64,96.57,125.233,74035
Muy alto (15 - 24.99%),5.70,71.66,81.76,19.24,89.91,10.89,18.04,50.17,45.68,11.702,74042
Moderado (5 - 9.99%),3.19,43.04,59.61,10.95,97.08,6.28,8.18,49.43,77.45,27.964,74049
Moderado (5 - 9.99%),3.84,37.52,53.67,8.75,20.86,5.35,9.04,40.07,95.97,202.214,74056
Alto (10 - 14.99%),4.90,86.21,91.70,63.20,95.36,13.06,13.77,58.34,0.00,4.697,74063
Muy bajo (0 - 0.99%),2.24,34.50,53.72,9.48,16.46,1.95,0.43,17.55,98.02,10.645,78007
,,,,,,,,,,,
Bajo (1 - 4.99%),4.54,41.19,62.66,10.10,22.91,3.83,2.16,23.67,97.93,105.644,78014
Bajo (1 - 4.99%),2.99,33.15,54.28,8.10,7.92,2.56,1.12,19.44,98.39,111.218,78021
Bajo (1 - 4.99%),4.26,27.21,46.95,8.58,42.49,2.23,2.06,27.09,89.48,16.155,78028
Bajo (1 - 4.99%),2.68,48.19,65.03,10.23,22.64,3.76,1.24,22.47,97.54,7.976,78035
Bajo (1 - 4.99%),1.67,42.54,59.49,10.69,19.24,4.32,1.06,17.68,90.99,8.676,78042
Bajo (1 - 4.99%),5.39,41.01,60.32,9.17,20.01,3.89,2.71,18.13,89.10,4.468,78049
Moderado (5 - 9.99%),2.26,57.88,70.45,9.70,40.93,8.35,5.50,25.30,92.71,44.522,82007
,,,,,,,,,,,
Moderado (5 - 9.99%),1.97,53.31,64.76,7.26,55.39,6.93,5.50,24.54,88.94,81.329,82014
Moderado (5 - 9.99%),3.04,54.24,66.30,12.24,48.52,7.93,7.23,26.82,80.95,176.897,82021
Moderado (5 - 9.99%),2.85,53.62,67.77,10.93,53.16,6.81,8.14,27.27,85.18,86.398,82028
Muy alto (15 - 24.99%),9.49,70.63,80.46,37.61,100.00,11.59,21.02,57.07,60.03,20.811,82035
Moderado (5 - 9.99%),2.39,55.63,67.73,10.95,61.66,8.07,6.19,31.08,87.95,189.061,82042
Muy alto (15 - 24.99%),6.64,58.26,70.45,24.81,60.92,6.87,16.49,46.05,82.14,175.398,82049
Moderado (5 - 9.99%),2.03,56.59,68.45,9.49,37.19,8.05,5.89,26.48,81.33,65.643,82056
Moderado (5 - 9.99%),3.40,38.79,52.10,14.44,50.69,5.55,6.87,36.38,98.08,519.732,82063
Bajo (1 - 4.99%),1.79,58.07,67.66,7.97,53.47,7.74,4.78,26.51,73.48,103.980,82070
Muy alto (15 - 24.99%),6.56,67.52,77.16,53.03,91.71,8.21,15.95,53.39,65.15,29.683,82077
Moderado (5 - 9.99%),2.84,39.36,52.18,11.63,37.96,6.97,8.59,31.95,98.68,1.181.204,82084
Moderado (5 - 9.99%),3.18,63.07,73.23,24.61,80.84,8.57,8.51,40.05,71.66,68.457,82091
Muy alto (15 - 24.99%),7.28,64.26,74.33,34.12,91.39,9.46,19.34,54.58,78.61,30.793,82098
Moderado (5 - 9.99%),3.27,58.87,70.01,15.32,59.53,8.74,8.99,34.20,74.25,79.190,82105
Moderado (5 - 9.99%),3.49,61.18,71.14,13.76,61.31,7.51,9.29,38.37,70.83,40.678,82112
Moderado (5 - 9.99%),3.37,52.78,66.73,12.26,66.37,8.19,9.49,28.41,96.22,156.236,82119
Bajo (1 - 4.99%),1.74,62.46,72.36,11.10,43.85,9.22,4.70,25.40,82.94,63.172,82126
Muy alto (15 - 24.99%),6.78,64.88,75.03,37.07,77.24,7.89,17.56,51.83,67.15,50.926,82133
Crítico (25 - 100%),7.71,77.82,85.82,57.64,100.00,13.50,29.50,67.90,61.40,7.567,86007
,,,,,,,,,,,
Crítico (25 - 100%),10.63,82.46,88.74,83.29,100.00,15.14,42.65,70.27,52.48,17.019,86014
Crítico (25 - 100%),10.60,87.78,91.43,88.49,100.00,13.99,40.14,76.22,29.62,10.822,86021
Crítico (25 - 100%),12.35,84.89,89.91,78.31,100.00,15.72,44.87,78.08,16.21,20.753,86028
Muy alto (15 - 24.99%),8.12,57.00,70.28,37.52,71.31,10.27,22.79,55.22,83.32,141.770,86035
Muy alto (15 - 24.99%),5.86,69.71,80.35,48.69,100.00,9.56,21.95,56.85,70.61,9.120,86042
Alto (10 - 14.99%),4.99,40.00,55.36,23.38,58.21,6.57,13.57,44.04,95.47,264.544,86049
Crítico (25 - 100%),7.94,78.57,85.67,75.37,100.00,13.23,35.66,72.15,56.11,30.827,86056
Muy alto (15 - 24.99%),6.11,60.48,72.33,34.03,67.93,8.54,19.79,52.85,76.94,34.635,86063
Crítico (25 - 100%),14.08,90.43,94.03,92.58,100.00,13.89,53.65,76.90,0.00,17.741,86070
Crítico (25 - 100%),8.97,69.69,80.06,62.28,100.00,14.61,33.87,66.83,70.96,37.687,86077
Crítico (25 - 100%),8.97,80.67,86.67,66.92,100.00,13.17,31.67,62.48,0.00,7.547,86084
Crítico (25 - 100%),8.14,85.86,90.80,70.97,100.00,16.71,29.79,61.72,22.54,14.316,86091
Crítico (25 - 100%),9.55,79.88,87.27,77.68,100.00,12.43,38.37,71.95,39.76,17.976,86098
Crítico (25 - 100%),7.97,76.47,82.94,60.46,100.00,12.61,29.80,65.75,54.78,19.933,86105
Crítico (25 - 100%),5.22,92.35,95.90,96.64,100.00,17.88,39.58,79.26,0.00,1.890,86112
Crítico (25 - 100%),11.99,77.90,86.49,66.09,100.00,13.95,39.25,66.18,57.63,31.905,86119
Muy alto (15 - 24.99%),5.36,78.51,85.36,59.28,100.00,12.04,22.43,67.44,65.73,13.939,86126
Crítico (25 - 100%),7.82,84.37,89.39,78.25,100.00,13.13,32.01,69.08,25.22,20.399,86133
Crítico (25 - 100%),6.06,78.05,85.75,58.92,100.00,18.34,28.53,69.33,52.59,10.538,86140
Muy alto (15 - 24.99%),6.66,73.51,82.64,50.25,58.02,11.38,23.20,63.48,58.11,54.036,86147
Alto (10 - 14.99%),1.98,66.89,76.63,30.38,100.00,11.06,14.76,42.63,57.78,4.972,86154
Crítico (25 - 100%),11.69,77.84,85.13,55.56,98.93,13.21,34.57,70.08,65.02,44.238,86161
Crítico (25 - 100%),9.97,87.42,91.57,87.82,100.00,16.66,43.16,75.83,22.96,11.185,86168
Crítico (25 - 100%),12.83,89.61,93.37,87.00,100.00,15.45,44.28,75.43,0.00,9.564,86175
Crítico (25 - 100%),12.96,88.84,93.19,79.94,100.00,14.08,43.56,77.06,57.49,4.486,86182
Crítico (25 - 100%),12.26,88.07,93.40,81.03,100.00,15.51,35.97,69.85,0.00,7.710,86189
Alto (10 - 14.99%),7.96,86.73,93.12,57.42,97.93,9.72,13.59,41.24,20.61,36.918,90007
,,,,,,,,,,,
Alto (10 - 14.99%),7.64,67.09,80.52,38.78,90.15,7.80,10.40,40.91,80.07,180.406,90014
Alto (10 - 14.99%),7.04,61.47,73.52,30.78,48.36,8.45,10.54,46.65,74.94,80.062,90021
Alto (10 - 14.99%),8.54,68.16,80.73,33.12,54.86,8.36,12.11,37.78,66.34,34.485,90028
Muy alto (15 - 24.99%),9.77,80.06,86.81,59.72,100.00,7.41,17.07,62.24,38.46,13.523,90035
Alto (10 - 14.99%),7.35,57.49,70.53,34.74,45.21,7.21,10.60,51.86,60.87,30.141,90042
Muy alto (15 - 24.99%),9.49,74.89,84.48,43.30,100.00,8.72,15.13,58.67,34.51,18.950,90049
Moderado (5 - 9.99%),6.51,74.77,84.06,43.42,88.39,6.59,9.53,41.37,31.99,54.880,90056
Alto (10 - 14.99%),7.62,61.03,75.48,32.75,55.53,7.41,10.65,40.67,76.67,68.368,90063
Moderado (5 - 9.99%),6.21,62.91,75.07,29.94,71.45,6.82,8.89,40.01,70.01,63.525,90070
Moderado (5 - 9.99%),6.63,62.59,75.07,30.66,54.44,7.08,9.32,49.18,77.00,56.706,90077
Moderado (5 - 9.99%),3.89,38.92,51.77,15.99,22.38,5.95,5.75,33.26,100.12,542.821,90084
Alto (10 - 14.99%),8.33,82.04,87.72,59.72,90.12,8.40,12.11,59.98,26.99,30.830,90091
Moderado (5 - 9.99%),3.98,77.95,84.29,45.17,100.00,7.33,8.19,52.21,22.05,14.659,90098
Moderado (5 - 9.99%),5.30,50.98,67.62,24.12,69.45,6.92,8.07,40.40,85.55,121.479,90105
Muy alto (15 - 24.99%),7.70,75.73,84.10,48.30,100.00,8.10,15.81,52.72,42.74,17.239,90112
Bajo (1 - 4.99%),3.17,34.71,45.51,15.87,78.58,4.35,4.31,26.79,98.74,74.639,90119
Muy bajo (0 - 0.99%),2.30,28.97,49.28,16.76,9.58,1.73,0.78,26.44,99.03,69.465,94007
,,,,,,,,,,,
Muy bajo (0 - 0.99%),2.43,22.11,42.02,14.56,12.17,1.59,0.60,27.18,99.51,54.522,94014
,,,,,,,,,,,94021
,,,,,,,,,,,94028
